{"totalSize":9,"done":true,"records":[{"attributes":{"type":"APXTConga4__Conga_Solution_Query__c","url":"/services/data/v42.0/sobjects/APXTConga4__Conga_Solution_Query__c/aEPm00000004rpyGAA"},"Id":"aEPm00000004rpyGAA","IsDeleted":false,"Name":"CSQ-00006","CurrencyIsoCode":"GBP","CreatedDate":"2021-02-10T08:41:24.000+0000","CreatedById":"005m0000006fmTaAAI","LastModifiedDate":"2021-02-12T07:20:54.000+0000","LastModifiedById":"005m0000006fmTaAAI","SystemModstamp":"2021-02-12T07:20:54.000+0000","ConnectionReceivedId":null,"ConnectionSentId":null,"APXTConga4__Conga_Solution__c":"aESm000000068OxGAI","APXTConga4__Alias__c":"oli","APXTConga4__Comments__c":"Query parameter which holds the  record values of related Opportunity Line Item object for the query record 'Opportunitylineitem'","APXTConga4__Conga_Query_Name__c":"Opportunitylineitem","APXTConga4__Conga_Query__c":"aEMm00000004DnnGAE","APXTConga4__pv0__c":null,"APXTConga4__pv1__c":null,"APXTConga4__pv2__c":null},{"attributes":{"type":"APXTConga4__Conga_Solution_Query__c","url":"/services/data/v42.0/sobjects/APXTConga4__Conga_Solution_Query__c/aEPm00000004rq3GAA"},"Id":"aEPm00000004rq3GAA","IsDeleted":false,"Name":"CSQ-00007","CurrencyIsoCode":"GBP","CreatedDate":"2021-02-10T08:41:37.000+0000","CreatedById":"005m0000006fmTaAAI","LastModifiedDate":"2021-02-12T07:21:34.000+0000","LastModifiedById":"005m0000006fmTaAAI","SystemModstamp":"2021-02-12T07:21:34.000+0000","ConnectionReceivedId":null,"ConnectionSentId":null,"APXTConga4__Conga_Solution__c":"aESm000000068OxGAI","APXTConga4__Alias__c":"contactDetails","APXTConga4__Comments__c":"Query parameter which holds the  record values of related Admin Contact field for the query record 'ContactDetails'","APXTConga4__Conga_Query_Name__c":"ContactDetails","APXTConga4__Conga_Query__c":"aEMm00000004DqdGAE","APXTConga4__pv0__c":null,"APXTConga4__pv1__c":null,"APXTConga4__pv2__c":null},{"attributes":{"type":"APXTConga4__Conga_Solution_Query__c","url":"/services/data/v42.0/sobjects/APXTConga4__Conga_Solution_Query__c/aEPm00000004rq8GAA"},"Id":"aEPm00000004rq8GAA","IsDeleted":false,"Name":"CSQ-00008","CurrencyIsoCode":"GBP","CreatedDate":"2021-02-10T08:41:48.000+0000","CreatedById":"005m0000006fmTaAAI","LastModifiedDate":"2021-02-12T07:21:55.000+0000","LastModifiedById":"005m0000006fmTaAAI","SystemModstamp":"2021-02-12T07:21:55.000+0000","ConnectionReceivedId":null,"ConnectionSentId":null,"APXTConga4__Conga_Solution__c":"aESm000000068OxGAI","APXTConga4__Alias__c":"accountDetails","APXTConga4__Comments__c":"Query parameter which holds the  record values of related Bill To Account field for the query record 'AccountDetails'","APXTConga4__Conga_Query_Name__c":"AccountDetails","APXTConga4__Conga_Query__c":"aEMm00000004DqiGAE","APXTConga4__pv0__c":null,"APXTConga4__pv1__c":null,"APXTConga4__pv2__c":null},{"attributes":{"type":"APXTConga4__Conga_Solution_Query__c","url":"/services/data/v42.0/sobjects/APXTConga4__Conga_Solution_Query__c/aEPm00000004rqDGAQ"},"Id":"aEPm00000004rqDGAQ","IsDeleted":false,"Name":"CSQ-00009","CurrencyIsoCode":"GBP","CreatedDate":"2021-02-10T08:43:12.000+0000","CreatedById":"005m0000006fmTaAAI","LastModifiedDate":"2021-02-12T07:20:28.000+0000","LastModifiedById":"005m0000006fmTaAAI","SystemModstamp":"2021-02-12T07:20:28.000+0000","ConnectionReceivedId":null,"ConnectionSentId":null,"APXTConga4__Conga_Solution__c":"aESm000000068OxGAI","APXTConga4__Alias__c":"primaryContactDetail","APXTConga4__Comments__c":"Query parameter which holds the  record values of related Opportunity Contact field for the query record 'Opportunitylineitem'","APXTConga4__Conga_Query_Name__c":"PrimaryContact","APXTConga4__Conga_Query__c":"aEMm00000004DqsGAE","APXTConga4__pv0__c":null,"APXTConga4__pv1__c":null,"APXTConga4__pv2__c":null},{"attributes":{"type":"APXTConga4__Conga_Solution_Query__c","url":"/services/data/v42.0/sobjects/APXTConga4__Conga_Solution_Query__c/aEPm00000004rqIGAQ"},"Id":"aEPm00000004rqIGAQ","IsDeleted":false,"Name":"CSQ-00010","CurrencyIsoCode":"GBP","CreatedDate":"2021-02-11T08:16:17.000+0000","CreatedById":"005m0000006fmTaAAI","LastModifiedDate":"2021-02-12T07:22:46.000+0000","LastModifiedById":"005m0000006fmTaAAI","SystemModstamp":"2021-02-12T07:22:46.000+0000","ConnectionReceivedId":null,"ConnectionSentId":null,"APXTConga4__Conga_Solution__c":"aESm000000068OxGAI","APXTConga4__Alias__c":"AccountVAT","APXTConga4__Comments__c":"Query parameter which holds the  record values of related Bill To Account field for the query record 'AccountVATDetail'","APXTConga4__Conga_Query_Name__c":"AccountVATDetail","APXTConga4__Conga_Query__c":"aEMm00000004Dr2GAE","APXTConga4__pv0__c":null,"APXTConga4__pv1__c":null,"APXTConga4__pv2__c":null},{"attributes":{"type":"APXTConga4__Conga_Solution_Query__c","url":"/services/data/v42.0/sobjects/APXTConga4__Conga_Solution_Query__c/aEPm00000004rqNGAQ"},"Id":"aEPm00000004rqNGAQ","IsDeleted":false,"Name":"CSQ-00011","CurrencyIsoCode":"GBP","CreatedDate":"2021-02-15T11:53:28.000+0000","CreatedById":"005m0000006fmTaAAI","LastModifiedDate":"2021-02-15T11:53:28.000+0000","LastModifiedById":"005m0000006fmTaAAI","SystemModstamp":"2021-02-15T11:53:28.000+0000","ConnectionReceivedId":null,"ConnectionSentId":null,"APXTConga4__Conga_Solution__c":"aESm000000068OxGAI","APXTConga4__Alias__c":"TotalForUpgrade","APXTConga4__Comments__c":"Query used to display different text for Order Details total value row based on Opportunity Type","APXTConga4__Conga_Query_Name__c":"OpportunityTotalUpgrade","APXTConga4__Conga_Query__c":"aEMm00000004Dr7GAE","APXTConga4__pv0__c":null,"APXTConga4__pv1__c":null,"APXTConga4__pv2__c":null},{"attributes":{"type":"APXTConga4__Conga_Solution_Query__c","url":"/services/data/v42.0/sobjects/APXTConga4__Conga_Solution_Query__c/aEPm00000004rqSGAQ"},"Id":"aEPm00000004rqSGAQ","IsDeleted":false,"Name":"CSQ-00012","CurrencyIsoCode":"GBP","CreatedDate":"2021-02-15T11:53:44.000+0000","CreatedById":"005m0000006fmTaAAI","LastModifiedDate":"2021-02-15T11:53:44.000+0000","LastModifiedById":"005m0000006fmTaAAI","SystemModstamp":"2021-02-15T11:53:44.000+0000","ConnectionReceivedId":null,"ConnectionSentId":null,"APXTConga4__Conga_Solution__c":"aESm000000068OxGAI","APXTConga4__Alias__c":"TotalForNonUpgrade","APXTConga4__Comments__c":"Query used to display different text for Order Details total value row based on Opportunity Type","APXTConga4__Conga_Query_Name__c":"OpportunityTotalNonUpgrade","APXTConga4__Conga_Query__c":"aEMm00000004DrCGAU","APXTConga4__pv0__c":null,"APXTConga4__pv1__c":null,"APXTConga4__pv2__c":null},{"attributes":{"type":"APXTConga4__Conga_Solution_Query__c","url":"/services/data/v42.0/sobjects/APXTConga4__Conga_Solution_Query__c/aEPm00000004rqXGAQ"},"Id":"aEPm00000004rqXGAQ","IsDeleted":false,"Name":"CSQ-00013","CurrencyIsoCode":"GBP","CreatedDate":"2021-02-17T08:16:16.000+0000","CreatedById":"005m0000006fmTaAAI","LastModifiedDate":"2021-02-17T08:16:16.000+0000","LastModifiedById":"005m0000006fmTaAAI","SystemModstamp":"2021-02-17T08:16:16.000+0000","ConnectionReceivedId":null,"ConnectionSentId":null,"APXTConga4__Conga_Solution__c":"aESm000000068OxGAI","APXTConga4__Alias__c":"WGSNAcentialLogo","APXTConga4__Comments__c":null,"APXTConga4__Conga_Query_Name__c":"WGSN Ascential Logo","APXTConga4__Conga_Query__c":"aEMm00000004DrHGAU","APXTConga4__pv0__c":null,"APXTConga4__pv1__c":null,"APXTConga4__pv2__c":null},{"attributes":{"type":"APXTConga4__Conga_Solution_Query__c","url":"/services/data/v42.0/sobjects/APXTConga4__Conga_Solution_Query__c/aEPm00000004rqcGAA"},"Id":"aEPm00000004rqcGAA","IsDeleted":false,"Name":"CSQ-00014","CurrencyIsoCode":"GBP","CreatedDate":"2021-02-17T09:58:55.000+0000","CreatedById":"005m0000006fmTaAAI","LastModifiedDate":"2021-02-17T09:58:55.000+0000","LastModifiedById":"005m0000006fmTaAAI","SystemModstamp":"2021-02-17T09:58:55.000+0000","ConnectionReceivedId":null,"ConnectionSentId":null,"APXTConga4__Conga_Solution__c":"aESm000000068OxGAI","APXTConga4__Alias__c":"ownerDetails","APXTConga4__Comments__c":null,"APXTConga4__Conga_Query_Name__c":"OwnerDetails","APXTConga4__Conga_Query__c":"aEMm00000004DrMGAU","APXTConga4__pv0__c":null,"APXTConga4__pv1__c":null,"APXTConga4__pv2__c":null}]}