{"totalSize":1,"done":true,"records":[{"attributes":{"type":"APXTConga4__Conga_Template__c","url":"/services/data/v42.0/sobjects/APXTConga4__Conga_Template__c/aEUm00000004ufBGAQ"},"Id":"aEUm00000004ufBGAQ","OwnerId":"005m0000006fmTaAAI","IsDeleted":false,"Name":"CMT-00007","CurrencyIsoCode":"GBP","CreatedDate":"2021-02-10T07:24:14.000+0000","CreatedById":"005m0000006fmTaAAI","LastModifiedDate":"2021-02-18T07:29:18.000+0000","LastModifiedById":"005m0000006fmTaAAI","SystemModstamp":"2021-02-18T07:29:18.000+0000","LastViewedDate":"2021-02-18T10:04:47.000+0000","LastReferencedDate":"2021-02-18T10:04:47.000+0000","ConnectionReceivedId":null,"ConnectionSentId":null,"APXTConga4__Description__c":null,"APXTConga4__Key__c":"0T_007EAU513201","APXTConga4__Label_Template_Use_Detail_Data__c":false,"APXTConga4__Master_Field_to_Set_1__c":null,"APXTConga4__Master_Field_to_Set_2__c":null,"APXTConga4__Master_Field_to_Set_3__c":null,"APXTConga4__Name__c":"WGSN Master Template","APXTConga4__Template_Extension__c":null,"APXTConga4__Template_Group__c":"WGSN","APXTConga4__Template_Type__c":"Document"}]}