{"totalSize":1,"done":true,"records":[{"attributes":{"type":"APXTConga4__Conga_Solution__c","url":"/services/data/v42.0/sobjects/APXTConga4__Conga_Solution__c/aESm000000068OxGAI"},"Id":"aESm000000068OxGAI","OwnerId":"005m0000006fmTaAAI","IsDeleted":false,"Name":"Preview Send Contract","CurrencyIsoCode":"GBP","CreatedDate":"2021-02-10T07:20:02.000+0000","CreatedById":"005m0000006fmTaAAI","LastModifiedDate":"2021-02-17T10:02:36.000+0000","LastModifiedById":"005m0000006fmTaAAI","SystemModstamp":"2021-02-17T10:02:36.000+0000","LastViewedDate":"2021-02-18T07:29:24.000+0000","LastReferencedDate":"2021-02-18T07:29:24.000+0000","ConnectionReceivedId":null,"ConnectionSentId":null,"APXTConga4__Button_Link_API_Name__c":"Conga_Composer_Preview_Send_Contract","APXTConga4__Button_body_field__c":"/apex/APXTConga4__Conga_Composer?SolMgr=1\n&serverUrl={!API.Partner_Server_URL_370}\n&Id={!Opportunity.Id}\n\n&QueryId=[oli]0Q_002EAU788420,\n[contactDetails]0Q_003EAU341755,\n[accountDetails]0Q_004EAU538186,\n[primaryContactDetail]0Q_006EAU185640,\n[AccountVAT]0Q_008EAU852563,\n[TotalForUpgrade]0Q_009EAU973283,\n[TotalForNonUpgrade]0Q_010EAU858855,\n[WGSNAcentialLogo]0Q_011EAU728111,\n[ownerDetails]0Q_012EAU773301\n\n&Name={!Opportunity.Name}\n&csRecipient1={!Opportunity.Opportunity_ContactId__c}\n&TemplateId={!Opportunity.Conga_TemplateID__c}\n&fp0=2\n&CSVisible=1\n&AC0=1\n&OFN={!Opportunity.Name}\n&DC={!Opportunity.Conga_DisableConga__c}\n&DCL={!Opportunity.Conga_DisableCongaLabel__c}\n&DS7=1141\n&qvar0id=0Q_001EAU068855\n&qvar0format=10100","APXTConga4__Composer_Parameters__c":"&QueryId=[oli]0Q_002EAU788420,\n[contactDetails]0Q_003EAU341755,\n[accountDetails]0Q_004EAU538186,\n[primaryContactDetail]0Q_006EAU185640,\n[AccountVAT]0Q_008EAU852563,\n[TotalForUpgrade]0Q_009EAU973283,\n[TotalForNonUpgrade]0Q_010EAU858855,\n[WGSNAcentialLogo]0Q_011EAU728111,\n[ownerDetails]0Q_012EAU773301&Name={!Opportunity.Name}\n&csRecipient1={!Opportunity.Opportunity_ContactId__c}\n&TemplateId={!Opportunity.Conga_TemplateID__c}\n&fp0=2\n&CSVisible=1\n&AC0=1\n&OFN={!Opportunity.Name}\n&DC={!Opportunity.Conga_DisableConga__c}\n&DCL={!Opportunity.Conga_DisableCongaLabel__c}\n&DS7=1141\n&qvar0id=0Q_001EAU068855\n&qvar0format=10100","APXTConga4__Custom_Object_Id__c":null,"APXTConga4__Formula_Field_API_Name__c":null,"APXTConga4__Formula_body_field__c":null,"APXTConga4__Is_Quick_Start__c":null,"APXTConga4__Launch_C8_Formula_Button__c":"<a href=\"https://apxtconga4.cs20.visual.force.com/servlet/servlet.Integration?lid=00bm0000000RhNT&amp;eid=0062H00001EIyPKQA1&amp;ic=1\" target=\"_blank\"><img src=\"/resource/ComposerLaunchButton\" alt=\"Launch Composer\" border=\"0\"/></a>","APXTConga4__Master_Object_Type_Validator__c":"Opportunity","APXTConga4__Master_Object_Type__c":"Opportunity","APXTConga4__Sample_Record_Id__c":"0062H00001EIyPKQA1","APXTConga4__Sample_Record_Name__c":"test","APXTConga4__Solution_Description__c":null,"APXTConga4__Solution_Weblink_Syntax__c":"/apex/APXTConga4__Conga_Composer?SolMgr=1\n&serverUrl={!API.Partner_Server_URL_370}\n&Id={!Opportunity.Id}\n\n&QueryId=[oli]0Q_002EAU788420,\n[cDetail]0Q_003EAU341755,\n[aDetail]0Q_004EAU538186,\n[PrimaryContact]0Q_006EAU185640\n\n&Name={!Opportunity.Name}\n&csRecipient1={!Opportunity.Opportunity_ContactId__c}\n&TemplateId={!Opportunity.Conga_TemplateID__c}\n&qvar0id=0Q_001EAU068855\n&qvar0format=10100\n&fp0=2\n&CSVisible=1\n&AC0=1\n&OFN={!Opportunity.Name}\n&DC={!Opportunity.Conga_DisableConga__c}\n&DCL={!Opportunity.Conga_DisableCongaLabel__c}\n&DS7=1141","APXTConga4__Weblink_Id__c":"00bm0000000RhNT","APXTConga4__CongaEmailTemplateCount__c":0.0}]}