{"totalSize":12,"done":true,"records":[{"attributes":{"type":"APXTConga4__Conga_Solution_Parameter__c","url":"/services/data/v42.0/sobjects/APXTConga4__Conga_Solution_Parameter__c/aEOm00000004XhVGAU"},"Id":"aEOm00000004XhVGAU","IsDeleted":false,"Name":"CSP-000006","CurrencyIsoCode":"GBP","CreatedDate":"2021-02-10T07:54:54.000+0000","CreatedById":"005m0000006fmTaAAI","LastModifiedDate":"2021-02-12T07:44:47.000+0000","LastModifiedById":"005m0000006fmTaAAI","SystemModstamp":"2021-02-12T07:44:47.000+0000","ConnectionReceivedId":null,"ConnectionSentId":null,"APXTConga4__Conga_Solution__c":"aESm000000068OxGAI","APXTConga4__Comments__c":"Query parameter which holds the name of the master record(Opportunity)","APXTConga4__Name__c":"Name","APXTConga4__Value__c":"{!Opportunity.Name}"},{"attributes":{"type":"APXTConga4__Conga_Solution_Parameter__c","url":"/services/data/v42.0/sobjects/APXTConga4__Conga_Solution_Parameter__c/aEOm00000004XhaGAE"},"Id":"aEOm00000004XhaGAE","IsDeleted":false,"Name":"CSP-000007","CurrencyIsoCode":"GBP","CreatedDate":"2021-02-10T07:55:16.000+0000","CreatedById":"005m0000006fmTaAAI","LastModifiedDate":"2021-02-12T07:45:31.000+0000","LastModifiedById":"005m0000006fmTaAAI","SystemModstamp":"2021-02-12T07:45:31.000+0000","ConnectionReceivedId":null,"ConnectionSentId":null,"APXTConga4__Conga_Solution__c":"aESm000000068OxGAI","APXTConga4__Comments__c":"Query parameter which holds the Recipient details to whom the Contract needs to be sent. For more info. https://documentation.conga.com/cpsfwin20cg/conga-composer-parameter-guide/csrecipient-1-10","APXTConga4__Name__c":"csRecipient1","APXTConga4__Value__c":"{!Opportunity.Opportunity_ContactId__c}"},{"attributes":{"type":"APXTConga4__Conga_Solution_Parameter__c","url":"/services/data/v42.0/sobjects/APXTConga4__Conga_Solution_Parameter__c/aEOm00000004XhfGAE"},"Id":"aEOm00000004XhfGAE","IsDeleted":false,"Name":"CSP-000008","CurrencyIsoCode":"GBP","CreatedDate":"2021-02-10T07:57:41.000+0000","CreatedById":"005m0000006fmTaAAI","LastModifiedDate":"2021-02-12T07:46:14.000+0000","LastModifiedById":"005m0000006fmTaAAI","SystemModstamp":"2021-02-12T07:46:14.000+0000","ConnectionReceivedId":null,"ConnectionSentId":null,"APXTConga4__Conga_Solution__c":"aESm000000068OxGAI","APXTConga4__Comments__c":"Query parameter which holds the Conga Template Id to retrieve the appropriate merge template. For more info. https://documentation.conga.com/cpsfwin20cg/conga-composer-parameter-guide/templateid","APXTConga4__Name__c":"TemplateId","APXTConga4__Value__c":"{!Opportunity.Conga_TemplateID__c}"},{"attributes":{"type":"APXTConga4__Conga_Solution_Parameter__c","url":"/services/data/v42.0/sobjects/APXTConga4__Conga_Solution_Parameter__c/aEOm00000004XhzGAE"},"Id":"aEOm00000004XhzGAE","IsDeleted":false,"Name":"CSP-000012","CurrencyIsoCode":"GBP","CreatedDate":"2021-02-10T08:02:01.000+0000","CreatedById":"005m0000006fmTaAAI","LastModifiedDate":"2021-02-12T07:43:43.000+0000","LastModifiedById":"005m0000006fmTaAAI","SystemModstamp":"2021-02-12T07:43:43.000+0000","ConnectionReceivedId":null,"ConnectionSentId":null,"APXTConga4__Conga_Solution__c":"aESm000000068OxGAI","APXTConga4__Comments__c":"This parameter is used to lock the output format. For more info:https://documentation.conga.com/cpsfwin20cg/conga-composer-parameter-guide/fp0","APXTConga4__Name__c":"fp0","APXTConga4__Value__c":"2"},{"attributes":{"type":"APXTConga4__Conga_Solution_Parameter__c","url":"/services/data/v42.0/sobjects/APXTConga4__Conga_Solution_Parameter__c/aEOm00000004Xi4GAE"},"Id":"aEOm00000004Xi4GAE","IsDeleted":false,"Name":"CSP-000013","CurrencyIsoCode":"GBP","CreatedDate":"2021-02-10T08:02:13.000+0000","CreatedById":"005m0000006fmTaAAI","LastModifiedDate":"2021-02-12T07:47:07.000+0000","LastModifiedById":"005m0000006fmTaAAI","SystemModstamp":"2021-02-12T07:47:07.000+0000","ConnectionReceivedId":null,"ConnectionSentId":null,"APXTConga4__Conga_Solution__c":"aESm000000068OxGAI","APXTConga4__Comments__c":"This parameter determines if Conga Sign integration is visible or not. For more info. https://documentation.conga.com/cpsfwin20cg/conga-composer-parameter-guide/csvisible","APXTConga4__Name__c":"CSVisible","APXTConga4__Value__c":"1"},{"attributes":{"type":"APXTConga4__Conga_Solution_Parameter__c","url":"/services/data/v42.0/sobjects/APXTConga4__Conga_Solution_Parameter__c/aEOm00000004Xi9GAE"},"Id":"aEOm00000004Xi9GAE","IsDeleted":false,"Name":"CSP-000014","CurrencyIsoCode":"GBP","CreatedDate":"2021-02-10T08:02:22.000+0000","CreatedById":"005m0000006fmTaAAI","LastModifiedDate":"2021-02-12T07:49:30.000+0000","LastModifiedById":"005m0000006fmTaAAI","SystemModstamp":"2021-02-12T07:49:30.000+0000","ConnectionReceivedId":null,"ConnectionSentId":null,"APXTConga4__Conga_Solution__c":"aESm000000068OxGAI","APXTConga4__Comments__c":"This parameter specifies whether to automatically log an activity after merging. For more info.https://documentation.conga.com/cpsfwin20cg/conga-composer-parameter-guide/activity-logging-parameters/ac0","APXTConga4__Name__c":"AC0","APXTConga4__Value__c":"1"},{"attributes":{"type":"APXTConga4__Conga_Solution_Parameter__c","url":"/services/data/v42.0/sobjects/APXTConga4__Conga_Solution_Parameter__c/aEOm00000004XiEGAU"},"Id":"aEOm00000004XiEGAU","IsDeleted":false,"Name":"CSP-000015","CurrencyIsoCode":"GBP","CreatedDate":"2021-02-10T08:02:36.000+0000","CreatedById":"005m0000006fmTaAAI","LastModifiedDate":"2021-02-12T07:50:19.000+0000","LastModifiedById":"005m0000006fmTaAAI","SystemModstamp":"2021-02-12T07:50:19.000+0000","ConnectionReceivedId":null,"ConnectionSentId":null,"APXTConga4__Conga_Solution__c":"aESm000000068OxGAI","APXTConga4__Comments__c":"This parameter sets the Output File Name, overriding the default name of the file. For more info.https://documentation.conga.com/cpsfwin20cg/conga-composer-parameter-guide/ofn","APXTConga4__Name__c":"OFN","APXTConga4__Value__c":"{!Opportunity.Name}"},{"attributes":{"type":"APXTConga4__Conga_Solution_Parameter__c","url":"/services/data/v42.0/sobjects/APXTConga4__Conga_Solution_Parameter__c/aEOm00000004XiJGAU"},"Id":"aEOm00000004XiJGAU","IsDeleted":false,"Name":"CSP-000016","CurrencyIsoCode":"GBP","CreatedDate":"2021-02-10T08:03:04.000+0000","CreatedById":"005m0000006fmTaAAI","LastModifiedDate":"2021-02-12T07:51:46.000+0000","LastModifiedById":"005m0000006fmTaAAI","SystemModstamp":"2021-02-12T07:51:46.000+0000","ConnectionReceivedId":null,"ConnectionSentId":null,"APXTConga4__Conga_Solution__c":"aESm000000068OxGAI","APXTConga4__Comments__c":"This parameter is used to disable conga when certain criteria met. For more info.vhttps://documentation.conga.com/cpsfwin20cg/conga-composer-parameter-guide/dc","APXTConga4__Name__c":"DC","APXTConga4__Value__c":"{!Opportunity.Conga_DisableConga__c}"},{"attributes":{"type":"APXTConga4__Conga_Solution_Parameter__c","url":"/services/data/v42.0/sobjects/APXTConga4__Conga_Solution_Parameter__c/aEOm00000004XiOGAU"},"Id":"aEOm00000004XiOGAU","IsDeleted":false,"Name":"CSP-000017","CurrencyIsoCode":"GBP","CreatedDate":"2021-02-10T08:03:22.000+0000","CreatedById":"005m0000006fmTaAAI","LastModifiedDate":"2021-02-12T07:52:53.000+0000","LastModifiedById":"005m0000006fmTaAAI","SystemModstamp":"2021-02-12T07:52:53.000+0000","ConnectionReceivedId":null,"ConnectionSentId":null,"APXTConga4__Conga_Solution__c":"aESm000000068OxGAI","APXTConga4__Comments__c":"This parameter is used to display the text when the conga is disabled. For more info. https://documentation.conga.com/cpsfwin20cg/conga-composer-parameter-guide/dcl","APXTConga4__Name__c":"DCL","APXTConga4__Value__c":"{!Opportunity.Conga_DisableCongaLabel__c}"},{"attributes":{"type":"APXTConga4__Conga_Solution_Parameter__c","url":"/services/data/v42.0/sobjects/APXTConga4__Conga_Solution_Parameter__c/aEOm00000004XiTGAU"},"Id":"aEOm00000004XiTGAU","IsDeleted":false,"Name":"CSP-000018","CurrencyIsoCode":"GBP","CreatedDate":"2021-02-10T08:03:38.000+0000","CreatedById":"005m0000006fmTaAAI","LastModifiedDate":"2021-02-12T07:54:15.000+0000","LastModifiedById":"005m0000006fmTaAAI","SystemModstamp":"2021-02-12T07:54:15.000+0000","ConnectionReceivedId":null,"ConnectionSentId":null,"APXTConga4__Conga_Solution__c":"aESm000000068OxGAI","APXTConga4__Comments__c":"This parameter enables merge operations to occur in the background. For more info. https://documentation.conga.com/cpsfwin20cg/conga-composer-parameter-guide/ds7","APXTConga4__Name__c":"DS7","APXTConga4__Value__c":"1141"},{"attributes":{"type":"APXTConga4__Conga_Solution_Parameter__c","url":"/services/data/v42.0/sobjects/APXTConga4__Conga_Solution_Parameter__c/aEOm00000004XiYGAU"},"Id":"aEOm00000004XiYGAU","IsDeleted":false,"Name":"CSP-000019","CurrencyIsoCode":"GBP","CreatedDate":"2021-02-10T08:50:43.000+0000","CreatedById":"005m0000006fmTaAAI","LastModifiedDate":"2021-02-12T08:13:08.000+0000","LastModifiedById":"005m0000006fmTaAAI","SystemModstamp":"2021-02-12T08:13:08.000+0000","ConnectionReceivedId":null,"ConnectionSentId":null,"APXTConga4__Conga_Solution__c":"aESm000000068OxGAI","APXTConga4__Comments__c":"This Query parameter is used to query the Attachment which contains the merge document template. For more info. https://documentation.conga.com/cpsfwin20cg/conga-composer-parameter-guide/qvar0id","APXTConga4__Name__c":"qvar0id","APXTConga4__Value__c":"0Q_001EAU068855"},{"attributes":{"type":"APXTConga4__Conga_Solution_Parameter__c","url":"/services/data/v42.0/sobjects/APXTConga4__Conga_Solution_Parameter__c/aEOm00000004XidGAE"},"Id":"aEOm00000004XidGAE","IsDeleted":false,"Name":"CSP-000020","CurrencyIsoCode":"GBP","CreatedDate":"2021-02-10T08:51:08.000+0000","CreatedById":"005m0000006fmTaAAI","LastModifiedDate":"2021-02-12T08:15:22.000+0000","LastModifiedById":"005m0000006fmTaAAI","SystemModstamp":"2021-02-12T08:15:22.000+0000","ConnectionReceivedId":null,"ConnectionSentId":null,"APXTConga4__Conga_Solution__c":"aESm000000068OxGAI","APXTConga4__Comments__c":"This parameter is used to format the result of 'qvar0' query. For more info. https://documentation.conga.com/cpsfwin20cg/conga-composer-parameter-guide/qvar0format","APXTConga4__Name__c":"qvar0format","APXTConga4__Value__c":"10100"}]}