{"totalSize":1,"done":true,"records":[{"attributes":{"type":"APXTConga4__Conga_Solution_Template__c","url":"/services/data/v42.0/sobjects/APXTConga4__Conga_Solution_Template__c/aERm00000004oZYGAY"},"Id":"aERm00000004oZYGAY","IsDeleted":false,"Name":"CST-00004","CurrencyIsoCode":"GBP","CreatedDate":"2021-02-10T07:24:38.000+0000","CreatedById":"005m0000006fmTaAAI","LastModifiedDate":"2021-02-18T07:28:50.000+0000","LastModifiedById":"005m0000006fmTaAAI","SystemModstamp":"2021-02-18T07:28:50.000+0000","ConnectionReceivedId":null,"ConnectionSentId":null,"APXTConga4__Conga_Solution__c":"aESm000000068OxGAI","APXTConga4__Comments__c":"Query parameter which holds the   Conga Template record which contains the template document with the merge fields","APXTConga4__Conga_Template__c":"aEUm00000004ufBGAQ","APXTConga4__Output_File_Name__c":null,"APXTConga4__Sort_Order__c":1.0,"APXTConga4__Template_Extension__c":null,"APXTConga4__Template_Group__c":"WGSN","APXTConga4__Template_Name__c":"WGSN Master Template"}]}