{"totalSize":9,"done":true,"records":[{"attributes":{"type":"APXTConga4__Conga_Merge_Query__c","url":"/services/data/v42.0/sobjects/APXTConga4__Conga_Merge_Query__c/aEMm00000004DnnGAE"},"Id":"aEMm00000004DnnGAE","OwnerId":"005m0000006fmTaAAI","IsDeleted":false,"Name":"CMQ-0002","CurrencyIsoCode":"GBP","CreatedDate":"2021-01-29T14:05:00.000+0000","CreatedById":"005m0000006fmTaAAI","LastModifiedDate":"2021-02-16T09:42:09.000+0000","LastModifiedById":"005m0000006fmTaAAI","SystemModstamp":"2021-02-16T09:42:09.000+0000","LastViewedDate":"2021-02-17T08:26:59.000+0000","LastReferencedDate":"2021-02-17T08:26:59.000+0000","ConnectionReceivedId":null,"ConnectionSentId":null,"APXTConga4__Description__c":null,"APXTConga4__Key__c":"0Q_002EAU788420","APXTConga4__Name__c":"Opportunitylineitem","APXTConga4__Query__c":"SELECT Name, Product_Description__c, Id, Discount, OpportunityId, Product2Id, Quantity, Line_Item_Standard_Discount__c FROM OpportunityLineItem WHERE OpportunityId = '{pv0}'"},{"attributes":{"type":"APXTConga4__Conga_Merge_Query__c","url":"/services/data/v42.0/sobjects/APXTConga4__Conga_Merge_Query__c/aEMm00000004DqdGAE"},"Id":"aEMm00000004DqdGAE","OwnerId":"005m0000006fmTaAAI","IsDeleted":false,"Name":"CMQ-0003","CurrencyIsoCode":"GBP","CreatedDate":"2021-02-01T10:56:04.000+0000","CreatedById":"005m0000006fmTaAAI","LastModifiedDate":"2021-02-17T11:22:19.000+0000","LastModifiedById":"005m0000006fmTaAAI","SystemModstamp":"2021-02-17T11:22:19.000+0000","LastViewedDate":"2021-02-17T11:27:44.000+0000","LastReferencedDate":"2021-02-17T11:27:44.000+0000","ConnectionReceivedId":null,"ConnectionSentId":null,"APXTConga4__Description__c":null,"APXTConga4__Key__c":"0Q_003EAU341755","APXTConga4__Name__c":"ContactDetails","APXTConga4__Query__c":"SELECT Id, AdminContact__c, AdminContact__r.Phone, AdminContact__r.Email, AdminContact__r.Name FROM Opportunity WHERE Id = '{pv0}'"},{"attributes":{"type":"APXTConga4__Conga_Merge_Query__c","url":"/services/data/v42.0/sobjects/APXTConga4__Conga_Merge_Query__c/aEMm00000004DqiGAE"},"Id":"aEMm00000004DqiGAE","OwnerId":"005m0000006fmTaAAI","IsDeleted":false,"Name":"CMQ-0004","CurrencyIsoCode":"GBP","CreatedDate":"2021-02-01T10:57:46.000+0000","CreatedById":"005m0000006fmTaAAI","LastModifiedDate":"2021-02-17T11:21:56.000+0000","LastModifiedById":"005m0000006fmTaAAI","SystemModstamp":"2021-02-17T11:21:56.000+0000","LastViewedDate":"2021-02-17T11:21:57.000+0000","LastReferencedDate":"2021-02-17T11:21:57.000+0000","ConnectionReceivedId":null,"ConnectionSentId":null,"APXTConga4__Description__c":null,"APXTConga4__Key__c":"0Q_004EAU538186","APXTConga4__Name__c":"AccountDetails","APXTConga4__Query__c":"SELECT Id, BillToAccount__r.Name, BillToAccount__r.Fax, BillToAccount__r.Phone, BillToAccount__r.BillingPostalCode,\r\nBillToAccount__r.BillingCity, \r\nBillToAccount__r.BIllingStreet,  \r\nBillToAccount__r.BillingState,  \r\nBillToAccount__r.BillingCountry, BillToAccount__r.VAT_Number__c, BillToAccount__r.Remittance_Reference__c, BillToAccount__r.BillingAddress FROM Opportunity WHERE Id = '{pv0}'"},{"attributes":{"type":"APXTConga4__Conga_Merge_Query__c","url":"/services/data/v42.0/sobjects/APXTConga4__Conga_Merge_Query__c/aEMm00000004DqsGAE"},"Id":"aEMm00000004DqsGAE","OwnerId":"005m0000006fmTaAAI","IsDeleted":false,"Name":"CMQ-0006","CurrencyIsoCode":"GBP","CreatedDate":"2021-02-05T10:16:11.000+0000","CreatedById":"005m0000006fmTaAAI","LastModifiedDate":"2021-02-17T11:30:08.000+0000","LastModifiedById":"005m0000006fmTaAAI","SystemModstamp":"2021-02-17T11:30:08.000+0000","LastViewedDate":"2021-02-17T11:30:09.000+0000","LastReferencedDate":"2021-02-17T11:30:09.000+0000","ConnectionReceivedId":null,"ConnectionSentId":null,"APXTConga4__Description__c":null,"APXTConga4__Key__c":"0Q_006EAU185640","APXTConga4__Name__c":"PrimaryContact","APXTConga4__Query__c":"SELECT Id, Opportunity_Contact__c, Opportunity_Contact__r.Phone, Opportunity_Contact__r.Email, Opportunity_Contact__r.Name FROM Opportunity WHERE Id = '{pv0}'"},{"attributes":{"type":"APXTConga4__Conga_Merge_Query__c","url":"/services/data/v42.0/sobjects/APXTConga4__Conga_Merge_Query__c/aEMm00000004Dr2GAE"},"Id":"aEMm00000004Dr2GAE","OwnerId":"005m0000006fmTaAAI","IsDeleted":false,"Name":"CMQ-0008","CurrencyIsoCode":"GBP","CreatedDate":"2021-02-11T08:14:50.000+0000","CreatedById":"005m0000006fmTaAAI","LastModifiedDate":"2021-02-15T07:43:02.000+0000","LastModifiedById":"005m0000006fmTaAAI","SystemModstamp":"2021-02-15T07:43:02.000+0000","LastViewedDate":"2021-02-15T07:43:02.000+0000","LastReferencedDate":"2021-02-15T07:43:02.000+0000","ConnectionReceivedId":null,"ConnectionSentId":null,"APXTConga4__Description__c":null,"APXTConga4__Key__c":"0Q_008EAU852563","APXTConga4__Name__c":"AccountVATDetail","APXTConga4__Query__c":"SELECT Id, BillToAccount__r.VAT_Number__c FROM Opportunity WHERE Id = '{pv0}' AND (BillToAccount__r.BillingCountry Like '%Russia%' OR BillToAccount__r.BillingCountry Like '%South Africa%' OR BillToAccount__r.BillingCountry Like '%Germany%' OR BillingEntity__c Like '%WGSN Italy%')"},{"attributes":{"type":"APXTConga4__Conga_Merge_Query__c","url":"/services/data/v42.0/sobjects/APXTConga4__Conga_Merge_Query__c/aEMm00000004Dr7GAE"},"Id":"aEMm00000004Dr7GAE","OwnerId":"005m0000006fmTaAAI","IsDeleted":false,"Name":"CMQ-0009","CurrencyIsoCode":"GBP","CreatedDate":"2021-02-15T11:49:50.000+0000","CreatedById":"005m0000006fmTaAAI","LastModifiedDate":"2021-02-15T11:52:43.000+0000","LastModifiedById":"005m0000006fmTaAAI","SystemModstamp":"2021-02-15T11:52:43.000+0000","LastViewedDate":"2021-02-15T11:52:43.000+0000","LastReferencedDate":"2021-02-15T11:52:43.000+0000","ConnectionReceivedId":null,"ConnectionSentId":null,"APXTConga4__Description__c":"Query used to display different text for Order Details total value row based on Opportunity Type","APXTConga4__Key__c":"0Q_009EAU973283","APXTConga4__Name__c":"OpportunityTotalUpgrade","APXTConga4__Query__c":"SELECT Id, CurrencyIsoCode, Amount FROM Opportunity WHERE Id = '{pv0}' AND Type Like '%upgrade%'"},{"attributes":{"type":"APXTConga4__Conga_Merge_Query__c","url":"/services/data/v42.0/sobjects/APXTConga4__Conga_Merge_Query__c/aEMm00000004DrCGAU"},"Id":"aEMm00000004DrCGAU","OwnerId":"005m0000006fmTaAAI","IsDeleted":false,"Name":"CMQ-0010","CurrencyIsoCode":"GBP","CreatedDate":"2021-02-15T11:50:34.000+0000","CreatedById":"005m0000006fmTaAAI","LastModifiedDate":"2021-02-15T11:52:29.000+0000","LastModifiedById":"005m0000006fmTaAAI","SystemModstamp":"2021-02-15T11:52:29.000+0000","LastViewedDate":"2021-02-15T11:52:29.000+0000","LastReferencedDate":"2021-02-15T11:52:29.000+0000","ConnectionReceivedId":null,"ConnectionSentId":null,"APXTConga4__Description__c":"Query used to display different text for Order Details total value row based on Opportunity Type","APXTConga4__Key__c":"0Q_010EAU858855","APXTConga4__Name__c":"OpportunityTotalNonUpgrade","APXTConga4__Query__c":"SELECT Id, CurrencyIsoCode, Amount FROM Opportunity WHERE Id = '{pv0}' AND (NOT Type Like '%upgrade%')"},{"attributes":{"type":"APXTConga4__Conga_Merge_Query__c","url":"/services/data/v42.0/sobjects/APXTConga4__Conga_Merge_Query__c/aEMm00000004DrHGAU"},"Id":"aEMm00000004DrHGAU","OwnerId":"005m0000006fmTaAAI","IsDeleted":false,"Name":"CMQ-0011","CurrencyIsoCode":"GBP","CreatedDate":"2021-02-17T08:14:31.000+0000","CreatedById":"005m0000006fmTaAAI","LastModifiedDate":"2021-02-17T09:19:02.000+0000","LastModifiedById":"005m0000006fmTaAAI","SystemModstamp":"2021-02-17T09:19:02.000+0000","LastViewedDate":"2021-02-17T09:19:03.000+0000","LastReferencedDate":"2021-02-17T09:19:03.000+0000","ConnectionReceivedId":null,"ConnectionSentId":null,"APXTConga4__Description__c":null,"APXTConga4__Key__c":"0Q_011EAU728111","APXTConga4__Name__c":"WGSN Ascential Logo","APXTConga4__Query__c":"SELECT id, Name FROM Document WHERE DeveloperName = 'WGSN_by_Ascential_Logo' LIMIT 1"},{"attributes":{"type":"APXTConga4__Conga_Merge_Query__c","url":"/services/data/v42.0/sobjects/APXTConga4__Conga_Merge_Query__c/aEMm00000004DrMGAU"},"Id":"aEMm00000004DrMGAU","OwnerId":"005m0000006fmTaAAI","IsDeleted":false,"Name":"CMQ-0012","CurrencyIsoCode":"GBP","CreatedDate":"2021-02-17T09:58:11.000+0000","CreatedById":"005m0000006fmTaAAI","LastModifiedDate":"2021-02-17T09:58:11.000+0000","LastModifiedById":"005m0000006fmTaAAI","SystemModstamp":"2021-02-17T09:58:11.000+0000","LastViewedDate":"2021-02-17T09:58:12.000+0000","LastReferencedDate":"2021-02-17T09:58:12.000+0000","ConnectionReceivedId":null,"ConnectionSentId":null,"APXTConga4__Description__c":null,"APXTConga4__Key__c":"0Q_012EAU773301","APXTConga4__Name__c":"OwnerDetails","APXTConga4__Query__c":"SELECT Id, Owner.Name, Owner.Email, Owner.Phone FROM Opportunity WHERE Id = '{pv0}'"}]}