{"totalSize":1,"done":true,"records":[{"attributes":{"type":"WebLink","url":"/services/data/v42.0/sobjects/WebLink/00bm0000000RhNTAA0"},"Id":"00bm0000000RhNTAA0","PageOrSobjectType":"Opportunity","Name":"Conga_Composer_Preview_Send_Contract","IsProtected":false,"Url":"/apex/APXTConga4__Conga_Composer?SolMgr=1\n&serverUrl={!API.Partner_Server_URL_370}\n&Id={!Opportunity.Id}\n\n&QueryId=[oli]0Q_002EAU788420,\n[contactDetails]0Q_003EAU341755,\n[accountDetails]0Q_004EAU538186,\n[primaryContactDetail]0Q_006EAU185640,\n[AccountVAT]0Q_008EAU852563,\n[TotalForUpgrade]0Q_009EAU973283,\n[TotalForNonUpgrade]0Q_010EAU858855,\n[WGSNAcentialLogo]0Q_011EAU728111,\n[ownerDetails]0Q_012EAU773301\n\n&Name={!Opportunity.Name}\n&csRecipient1={!Opportunity.Opportunity_ContactId__c}\n&TemplateId={!Opportunity.Conga_TemplateID__c}\n&fp0=2\n&CSVisible=1\n&AC0=1\n&OFN={!Opportunity.Name}\n&DC={!Opportunity.Conga_DisableConga__c}\n&DCL={!Opportunity.Conga_DisableCongaLabel__c}\n&DS7=1141\n&qvar0id=0Q_001EAU068855\n&qvar0format=10100","EncodingKey":"UTF-8","LinkType":"url","OpenType":"newWindow","Height":660,"Width":900,"ShowsLocation":false,"HasScrollbars":false,"HasToolbar":false,"HasMenubar":false,"ShowsStatus":false,"IsResizable":false,"Position":"none","ScontrolId":null,"MasterLabel":"Preview & Send Contract","Description":"Originally created by Conga Solution Manager. Date of last use of Update Button from Conga Solution record: https://apxtconga4.cs20.visual.force.com/aESm000000068OxGAI\n17-Feb-2021 10:02:35 AM","DisplayType":"B","RequireRowSelection":false,"NamespacePrefix":null,"CreatedDate":"2021-02-10T08:31:24.000+0000","CreatedById":"005800000069HqyAAE","LastModifiedDate":"2021-02-17T10:02:36.000+0000","LastModifiedById":"005m0000006fmTaAAI","SystemModstamp":"2021-02-17T10:02:36.000+0000"}]}