{"totalSize":1,"done":true,"records":[{"attributes":{"type":"Attachment","url":"/services/data/v42.0/sobjects/Attachment/00Pm000000Cy92VEAR"},"Id":"00Pm000000Cy92VEAR","Division":"02d80000000CbJ4AAK","IsDeleted":false,"ParentId":"aEUm00000004ufBGAQ","Name":"WGSN Master Template - Copy.docx","IsPrivate":false,"ContentType":"application/vnd.openxmlformats-officedocument.wordprocessingml.document","BodyLength":48231,"Body":"/services/data/v42.0/sobjects/Attachment/00Pm000000Cy92VEAR/Body","OwnerId":"005m0000006fmTaAAI","CreatedDate":"2021-02-18T08:22:02.000+0000","CreatedById":"005m0000006fmTaAAI","LastModifiedDate":"2021-02-18T08:22:02.000+0000","LastModifiedById":"005m0000006fmTaAAI","SystemModstamp":"2021-02-18T08:22:02.000+0000","Description":null,"IsPartnerShared":false,"ConnectionReceivedId":null,"ConnectionSentId":null}]}